membership_id,first_name,last_name,email,date_of_birth,mobile_no,above_18
Smith_c7677,Patty,Smith,Patty_Smith@ross.com,19750827,59428759,True
Wang_04168,Sean,Wang,Sean_Wang@gibson-calderon.com,19600311,25595367,True
Estrada_0bf5b,Richard,Estrada,Richard_Estrada@malone.com,19921015,22821527,True
Cline_825fb,Jackson,Cline,Jackson_Cline@hudson.net,19710121,48056519,True
Williams_3e726,Allen,Williams,Allen_Williams@sanchez.net,19971109,77991519,True
Flores_8a42c,Eric,Flores,Eric_Flores@dillon-patterson.com,19820701,36641663,True
Richardson_ef158,Anna,Richardson,Anna_Richardson@perry.com,19670223,64083047,True
Gomez_876bf,Taylor,Gomez,Taylor_Gomez@johnston.com,19821022,24007567,True
Rodriguez_93ac7,Jeremy,Rodriguez,Jeremy_Rodriguez@roth.com,19780828,32567967,True
Garcia_26b55,April,Garcia,April_Garcia@hall.com,19871231,24650447,True
Garza_40199,Sharon,Garza,Sharon_Garza@duran.com,20020830,59411567,True
Sanchez_364a7,Lori,Sanchez,Lori_Sanchez@hardin-warner.net,19980420,76989167,True
Armstrong_e2fb8,Jason,Armstrong,Jason_Armstrong@curtis.com,19921116,68514503,True
Allison_0c21b,Jessica,Allison,Jessica_Allison@harper.com,19721030,66821135,True
Hall_b302a,Arthur,Hall,Arthur_Hall@gonzalez.com,19941103,65493407,True
Meza_af7be,Sherry,Meza,Sherry_Meza@west.com,19970904,33491119,True
Turner_0303a,Matthew,Turner,Matthew_Turner@martinez.com,19940707,73291455,True
Randolph_76c7a,Sophia,Randolph,Sophia_Randolph@leonard-ramirez.com,19500807,94510479,True
Thompson_16040,Samuel,Thompson,Samuel_Thompson@sanchez-carroll.com,19840403,99063183,True
Lee_76cce,Zachary,Lee,Zachary_Lee@smith.com,19870704,36447751,True
Pittman_44c4d,Kara,Pittman,Kara_Pittman@gomez-vaughn.com,19680525,80502567,True
Anthony_ebd30,Gabriella,Anthony,Gabriella_Anthony@castro.com,19970106,89108943,True
Cantrell_b19eb,Misty,Cantrell,Misty_Cantrell@flores-decker.com,19570303,79619831,True
Guerrero_d55cb,Kelly,Guerrero,Kelly_Guerrero@riggs.com,19970203,53052583,True
Nichols_9226a,David,Nichols,David_Nichols@rocha.com,19620819,62269575,True
Galloway_1a4d2,Shawn,Galloway,Shawn_Galloway@johnston.com,19850419,17471367,True
Sanford_c7e24,Dennis,Sanford,Dennis_Sanford@lopez-archer.com,19800806,88084407,True
Murphy_0851c,Amanda,Murphy,Amanda_Murphy@bright-gibbs.net,20000730,30501351,True
Martin_35f44,Bobby,Martin,Bobby_Martin@jackson.com,20000331,43871143,True
Bishop_b0506,Vernon,Bishop,Vernon_Bishop@clark-larson.com,19730710,78396487,True
Meyers_2871d,Phillip,Meyers,Phillip_Meyers@mcneil-williams.com,19601022,95409119,True
Martin_6f48d,Robert,Martin,Robert_Martin@crawford.com,19500718,78547615,True
Taylor_4fbc5,William,Taylor,William_Taylor@warner-morgan.net,19860131,42996791,True
Brady_bd431,Michael,Brady,Michael_Brady@wells-sanders.com,19500323,65342263,True
Rhodes_df266,James,Rhodes,James_Rhodes@green.com,19771010,27465295,True
Ramirez_5ff32,Ryan,Ramirez,Ryan_Ramirez@pham.com,19850425,67907071,True
Thompson_52cd0,Stephen,Thompson,Stephen_Thompson@hess.com,19511112,75033031,True
Williams_446e0,Susan,Williams,Susan_Williams@rowland.com,19760512,95688383,True
Johnson_d53b7,Dylan,Johnson,Dylan_Johnson@montgomery.com,19960107,52048815,True
King_01148,Pamela,King,Pamela_King@soto.net,19930929,72515095,True
Smith_634dd,Robert,Smith,Robert_Smith@joyce.com,19870424,76366335,True
Gonzalez_31e9a,Samantha,Gonzalez,Samantha_Gonzalez@rios-fletcher.com,19980829,40456647,True
Walker_ba5b7,Jeffery,Walker,Jeffery_Walker@watson.com,19560624,46574799,True
Alvarez_7bc5d,Todd,Alvarez,Todd_Alvarez@vaughn.com,19741125,42011263,True
Willis_d0046,Brett,Willis,Brett_Willis@gibbs.com,19610908,86342007,True
Wilkins_48a0a,Kristin,Wilkins,Kristin_Wilkins@harvey.com,20020511,84393855,True
Lynch_49515,Joshua,Lynch,Joshua_Lynch@daniels.com,19650526,71572839,True
Williams_e69d3,Deborah,Williams,Deborah_Williams@howard.com,19841121,11357647,True
Martin_0575d,Timothy,Martin,Timothy_Martin@camacho-sparks.net,20030105,92008191,True
Bright_776f9,Sarah,Bright,Sarah_Bright@winters.com,19981115,24327743,True
Anderson_48071,Rebecca,Anderson,Rebecca_Anderson@carter-ramirez.com,19730827,27023231,True
Frost_5ba4a,Roger,Frost,Roger_Frost@cole-robinson.com,19700217,94120431,True
Dunn_ae8e6,Eric,Dunn,Eric_Dunn@reese.com,19600712,13714207,True
Pierce_1096d,Heather,Pierce,Heather_Pierce@williams-edwards.com,19570813,32413999,True
Erickson_6b984,Jordan,Erickson,Jordan_Erickson@martinez.com,19750802,64756655,True
Ali_f361f,Susan,Ali,Susan_Ali@leach.com,19990105,74229143,True
Wilson_f0626,Richard,Wilson,Richard_Wilson@hernandez.com,19990703,36349175,True
Butler_a60e8,Jon,Butler,Jon_Butler@blackwell.com,19870318,78121695,True
Phillips_01acd,Paul,Phillips,Paul_Phillips@vance.com,19970216,11213063,True
Parker_5ebc0,Adam,Parker,Adam_Parker@yoder.com,19980722,27783391,True
Walker_a21be,Cory,Walker,Cory_Walker@torres.net,19621208,37614935,True
Sanchez_cf3c9,Jeffrey,Sanchez,Jeffrey_Sanchez@jones-butler.com,19950914,73226919,True
Martin_7bf56,Bianca,Martin,Bianca_Martin@mitchell.com,19780205,86924127,True
King_2f8a4,Jeffrey,King,Jeffrey_King@hicks-boyd.com,19770623,68622991,True
Wiggins_c46e0,Melanie,Wiggins,Melanie_Wiggins@mcdonald-rice.com,20000214,91699615,True
Smith_e0b77,Daniel,Smith,Daniel_Smith@cummings.com,19860308,26613823,True
Lawrence_fbccd,Scott,Lawrence,Scott_Lawrence@aguilar.com,19760104,59217375,True
Sosa_8de3e,James,Sosa,James_Sosa@robles-hawkins.com,19571108,47053447,True
Jackson_b5943,Jamie,Jackson,Jamie_Jackson@carr.com,19770526,71512687,True
Hatfield_bf691,Jeffrey,Hatfield,Jeffrey_Hatfield@morgan-erickson.com,19701014,69441735,True
Phillips_c68d2,James,Phillips,James_Phillips@green-taylor.com,19611019,89808183,True
Moore_6e3b7,Jessica,Moore,Jessica_Moore@harrison-bautista.com,19990509,27155335,True
Anderson_6c12a,Richard,Anderson,Richard_Anderson@peck-franklin.com,19700405,24730327,True
Hahn_38908,Lauren,Hahn,Lauren_Hahn@simmons.com,19720620,15132727,True
Edwards_96edd,Faith,Edwards,Faith_Edwards@price.net,19770726,44653063,True
Vargas_0365e,Laura,Vargas,Laura_Vargas@gallagher-young.com,19771009,40816943,True
Lewis_f236b,Sarah,Lewis,Sarah_Lewis@wyatt.com,19810225,37945839,True
Huff_88806,Brad,Huff,Brad_Huff@moore.com,19611227,28207575,True
Richardson_e102e,Alexander,Richardson,Alexander_Richardson@perez.com,19581025,34675335,True
Moore_4788f,Matthew,Moore,Matthew_Moore@nichols.com,20030707,66391671,True
Howard_99bdb,Joseph,Howard,Joseph_Howard@williams.com,19520726,46746383,True
Richards_9e514,Anne,Richards,Anne_Richards@mccarthy.com,19690906,84963423,True
Thomas_a6b2a,Derek,Thomas,Derek_Thomas@green.com,19640724,37329863,True
Bonilla_07c60,Joseph,Bonilla,Joseph_Bonilla@freeman.com,19740508,66912183,True
Barber_8e448,Gary,Barber,Gary_Barber@roberts.net,19551112,44790343,True
Johnson_01409,Brian,Johnson,Brian_Johnson@carr.com,19810617,76631695,True
Peterson_d3043,Christine,Peterson,Christine_Peterson@hamilton.com,19741119,57627175,True
Bautista_f2b74,Christopher,Bautista,Christopher_Bautista@rodgers.com,19941202,48834663,True
Krueger_f41b0,Barbara,Krueger,Barbara_Krueger@strong.com,19520322,30905343,True
Oconnor_efac7,Monica,Oconnor,Monica_Oconnor@gordon.com,19800701,97887295,True
Johnson_317e0,Peggy,Johnson,Peggy_Johnson@berg.com,19720328,34795631,True
Herrera_2275e,Susan,Herrera,Susan_Herrera@gomez.com,19550826,24027735,True
Matthews_33105,Andrew,Matthews,Andrew_Matthews@ramos-vaughn.com,19880219,90821359,True
Kennedy_e1e07,Erin,Kennedy,Erin_Kennedy@hendricks-mason.com,19650109,35865639,True
Lopez_ad64b,Jason,Lopez,Jason_Lopez@wood-hill.com,19740830,11287127,True
Clark_850e2,Jerry,Clark,Jerry_Clark@perez.com,19950928,46859655,True
Kim_bc531,Alyssa,Kim,Alyssa_Kim@beck-zuniga.com,19900811,59732335,True
Williams_225d6,Courtney,Williams,Courtney_Williams@garner.com,19990919,27598999,True
Nelson_49b51,Matthew,Nelson,Matthew_Nelson@hunt.com,19580127,45515247,True
Moore_bd6b1,Robert,Moore,Robert_Moore@young.com,19550415,19512199,True
Mcgee_84007,Nicole,Mcgee,Nicole_Mcgee@reyes.com,19590303,34539135,True
Hunter_c76d0,Danielle,Hunter,Danielle_Hunter@ballard.com,19710811,99947039,True
Perez_016c7,Kelly,Perez,Kelly_Perez@ward-wilson.com,19600519,60614735,True
Odom_e8796,Mary,Odom,Mary_Odom@morgan-reynolds.com,19630813,98738367,True
Gibson_a7c50,Arthur,Gibson,Arthur_Gibson@thompson-thompson.com,19610603,75411807,True
Miller_5a80b,Christopher,Miller,Christopher_Miller@kelly.com,19850131,16222031,True
Hopkins_7c2f6,Amber,Hopkins,Amber_Hopkins@hall.com,19750831,15289039,True
Garcia_76b84,Nancy,Garcia,Nancy_Garcia@lewis-hayden.com,19680305,62971303,True
Rhodes_a5121,Alex,Rhodes,Alex_Rhodes@russell.net,19780913,75808519,True
Bennett_1ed65,Daniel,Bennett,Daniel_Bennett@stephens-oneill.com,19730228,20776023,True
Woodard_0dee6,Kevin,Woodard,Kevin_Woodard@lynch.com,19550809,30319911,True
Peterson_9e709,Alan,Peterson,Alan_Peterson@burch.com,19760129,88993663,True
Grant_46694,Jacob,Grant,Jacob_Grant@cummings.com,19911204,94196575,True
Johnson_fcba1,Gabrielle,Johnson,Gabrielle_Johnson@serrano.com,19581006,35424207,True
Morales_0598c,Caleb,Morales,Caleb_Morales@collins.com,19660329,69459679,True
Dominguez_e2663,James,Dominguez,James_Dominguez@black.com,19881205,49527207,True
Cardenas_35ae4,Kathryn,Cardenas,Kathryn_Cardenas@skinner.com,19830508,81016239,True
Santiago_5cbec,Jeffrey,Santiago,Jeffrey_Santiago@duncan.com,19750228,93827623,True
Mclaughlin_b2423,Andrew,Mclaughlin,Andrew_Mclaughlin@fitzpatrick-lucas.com,19730514,66417719,True
Porter_e9e42,Bryan,Porter,Bryan_Porter@elliott.com,19570214,88089671,True
Smith_750a9,Brendan,Smith,Brendan_Smith@williams.com,19580516,67839775,True
Hernandez_f3251,Jeffrey,Hernandez,Jeffrey_Hernandez@mcdaniel.com,19891231,76263607,True
Miller_375ad,Michael,Miller,Michael_Miller@taylor-moore.com,19640520,17581687,True
Newman_069d1,Theresa,Newman,Theresa_Newman@perry-scott.com,19941129,36575799,True
Romero_7ffde,Paul,Romero,Paul_Romero@middleton-jones.com,19601007,98843943,True
Choi_e37de,Janet,Choi,Janet_Choi@neal.com,19860718,66675695,True
Bender_b8ade,Mark,Bender,Mark_Bender@oneal-wilkins.com,19690911,27354911,True
Brown_b08b0,Abigail,Brown,Abigail_Brown@jones-underwood.com,19801008,15726143,True
Dominguez_821d7,Antonio,Dominguez,Antonio_Dominguez@nichols.com,19801115,75861007,True
Morris_1057d,Tony,Morris,Tony_Morris@davis.com,19700805,33280551,True
Carlson_d8db2,Randy,Carlson,Randy_Carlson@rivera.com,19550530,51211679,True
Pierce_7e42c,Mitchell,Pierce,Mitchell_Pierce@houston-conway.net,20010824,96845551,True
West_0afba,Angela,West,Angela_West@anderson-fitzgerald.com,19810427,59397207,True
Peters_c9aea,Kevin,Peters,Kevin_Peters@edwards.com,19670206,28855487,True
Conway_b14b9,Benjamin,Conway,Benjamin_Conway@burton-paul.com,19551228,23338319,True
Stewart_5a9fe,Andrew,Stewart,Andrew_Stewart@wong.com,19510212,19799879,True
Jones_e27fe,Brenda,Jones,Brenda_Jones@lang.com,19550804,62608823,True
Bailey_5c8a5,Elizabeth,Bailey,Elizabeth_Bailey@stephenson-arnold.com,19630101,20218071,True
Levy_b4299,Kelly,Levy,Kelly_Levy@barajas.com,19940508,74468255,True
Burton_e624b,Thomas,Burton,Thomas_Burton@dunn-avery.net,19750419,14613071,True
Peterson_c41f4,Paul,Peterson,Paul_Peterson@bullock.com,20021225,59148863,True
Reilly_1c829,Michael,Reilly,Michael_Reilly@cooper.net,19720514,33876967,True
Martinez_d6f6b,Alejandra,Martinez,Alejandra_Martinez@jones.com,19791221,87381327,True
Sanders_e813f,Timothy,Sanders,Timothy_Sanders@harrell.com,19521003,63453583,True
Little_c16bd,Latoya,Little,Latoya_Little@martinez.com,19780807,43404335,True
Harvey_119d2,Sarah,Harvey,Sarah_Harvey@martin-smith.com,19600331,58520471,True
Ortiz_84be0,Melissa,Ortiz,Melissa_Ortiz@lee-malone.com,19580729,49637727,True
Hernandez_bcb5b,Brooke,Hernandez,Brooke_Hernandez@benitez.com,19911114,97309975,True
Livingston_19295,Lisa,Livingston,Lisa_Livingston@glover.com,19500423,20519415,True
Mason_6bc9b,Eugene,Mason,Eugene_Mason@gardner.com,19781213,47810855,True
Cunningham_12799,Daniel,Cunningham,Daniel_Cunningham@cooper.com,19730326,78657983,True
Smith_894dd,Alex,Smith,Alex_Smith@johnson.com,20020503,58965703,True
Vargas_ed53f,Jessica,Vargas,Jessica_Vargas@miller-price.net,19810517,48925903,True
Clark_92a9e,Olivia,Clark,Olivia_Clark@wade-roberson.com,19741001,67793735,True
Carney_0d73a,Cathy,Carney,Cathy_Carney@williams.net,19970522,31104151,True
Baldwin_b3439,Haley,Baldwin,Haley_Baldwin@bush-wolfe.com,19650413,31940631,True
Wilson_51998,Alexander,Wilson,Alexander_Wilson@barron-garcia.com,19881111,13893319,True
Cole_2b0a2,April,Cole,April_Cole@vargas.com,19610622,65186503,True
Riley_3e1f8,Holly,Riley,Holly_Riley@stokes.com,19740728,55620431,True
Poole_23f28,Jeffrey,Poole,Jeffrey_Poole@cross.com,19570204,82077439,True
Poole_c5b79,Rachel,Poole,Rachel_Poole@jones.net,19760708,35095087,True
Ward_57d0c,Sheena,Ward,Sheena_Ward@wilson-mcbride.com,19730926,96834175,True
Smith_9f8dc,Cynthia,Smith,Cynthia_Smith@smith.com,19510905,48760255,True
Clayton_7f5be,Kevin,Clayton,Kevin_Clayton@miller.com,19750708,25081071,True
Coleman_db259,Sarah,Coleman,Sarah_Coleman@novak.com,19500119,37411775,True
Becker_dd317,Cody,Becker,Cody_Becker@hansen.com,19601216,76003567,True
Miller_4ae09,Molly,Miller,Molly_Miller@king-kelly.net,19771105,99947663,True
Bailey_fac5d,Craig,Bailey,Craig_Bailey@hancock-brown.com,19970713,33032303,True
Gray_00c0a,Patricia,Gray,Patricia_Gray@dawson.com,19660319,18281751,True
Rivera_6a7ce,Robert,Rivera,Robert_Rivera@gibson.com,19500722,35020847,True
Lewis_afe1c,Michelle,Lewis,Michelle_Lewis@wiggins-thornton.com,19830121,64700455,True
Owens_4cd37,John,Owens,John_Owens@callahan.com,19670424,71230983,True
Smith_313dd,Sarah,Smith,Sarah_Smith@kirk.com,19680804,22702359,True
Lucas_94653,Nancy,Lucas,Nancy_Lucas@aguilar.com,19830706,91477863,True
Murray_a46c7,Christina,Murray,Christina_Murray@collins-day.com,19791217,35027583,True
Berry_c02ad,Emma,Berry,Emma_Berry@charles.com,19940107,34612959,True
Gross_2742d,Christopher,Gross,Christopher_Gross@grimes.net,20031114,49217831,True
Hawkins_8aa4f,Jason,Hawkins,Jason_Hawkins@adams-hunter.com,19541001,31750255,True
Rodriguez_84bf3,Jeffrey,Rodriguez,Jeffrey_Rodriguez@johnson-white.com,19690718,29947599,True
Miller_84bb3,Christina,Miller,Christina_Miller@marshall-lucas.com,19530425,92153503,True
Miller_208dd,Maria,Miller,Maria_Miller@roberts.com,19941221,86317751,True
Davis_3a81f,Eileen,Davis,Eileen_Davis@knox.com,19520404,19544735,True
Miller_4e2a7,Harry,Miller,Harry_Miller@warner-jackson.com,19890613,63478047,True
Montes_29eaa,Ellen,Montes,Ellen_Montes@sellers.com,19610714,16519759,True
Mclean_3b78d,Gregory,Mclean,Gregory_Mclean@valencia.com,19610801,38860951,True
Spencer_071ed,Angela,Spencer,Angela_Spencer@lopez.com,19980502,18410783,True
Price_fb35b,Christina,Price,Christina_Price@kennedy-tran.com,19860508,65381695,True
Randall_fe7f8,Amber,Randall,Amber_Randall@boyd-freeman.net,19520910,60506343,True
Morris_f9657,Matthew,Morris,Matthew_Morris@boyle-novak.com,19981111,49822607,True
Blackburn_0c5fb,Cindy,Blackburn,Cindy_Blackburn@bolton.net,20001008,86098071,True
Jacobson_496c2,Matthew,Jacobson,Matthew_Jacobson@bishop-thomas.com,19510412,99110191,True
Jones_c6f5d,Stacy,Jones,Stacy_Jones@perez.com,19940909,71998399,True
Zimmerman_881d6,Scott,Zimmerman,Scott_Zimmerman@fischer.com,19560130,70071511,True
Silva_fff90,Dakota,Silva,Dakota_Silva@barker-miller.com,19790710,41853599,True
Spencer_d5b01,Jacob,Spencer,Jacob_Spencer@jefferson.net,19620226,41992359,True
Oliver_94edc,Matthew,Oliver,Matthew_Oliver@mitchell.com,19720423,14016935,True
Maddox_6974f,Roger,Maddox,Roger_Maddox@richards.com,19810426,86988519,True
Gutierrez_c61e8,Bryan,Gutierrez,Bryan_Gutierrez@short-huerta.net,19881118,84795039,True
Schultz_5fff4,Peter,Schultz,Peter_Schultz@shah.com,19570829,78301895,True
Burke_a32e6,Justin,Burke,Justin_Burke@johnson.com,19960212,43401655,True
Ramsey_4c3e8,Sarah,Ramsey,Sarah_Ramsey@hayes.com,19640622,63376279,True
Chang_e27c8,Michael,Chang,Michael_Chang@watkins.com,19900209,99632783,True
Hughes_bf91b,Pamela,Hughes,Pamela_Hughes@rivas-garza.com,19570116,32117783,True
Morris_25892,Jimmy,Morris,Jimmy_Morris@hall-watkins.com,19640120,31836895,True
Romero_e5750,Lauren,Romero,Lauren_Romero@davis.com,20020425,50100783,True
Jones_2b07e,Adam,Jones,Adam_Jones@kline-reeves.com,19570107,83246639,True
Murphy_5dc4e,Matthew,Murphy,Matthew_Murphy@graham.com,19600216,18189831,True
Arroyo_a6982,Jessica,Arroyo,Jessica_Arroyo@flores-evans.com,20021019,24971015,True
Zuniga_a2d94,Caleb,Zuniga,Caleb_Zuniga@stone.net,19681028,36180711,True
Moreno_8048c,Cheyenne,Moreno,Cheyenne_Moreno@hampton.com,19600912,61341887,True
Lopez_93fe3,Courtney,Lopez,Courtney_Lopez@sanders.com,19710810,35323391,True
Williamson_2b72a,Kenneth,Williamson,Kenneth_Williamson@perez.com,19540310,36169599,True
Browning_1f631,Bruce,Browning,Bruce_Browning@robertson-baldwin.com,19631113,22984503,True
Gilbert_cba39,Shannon,Gilbert,Shannon_Gilbert@brown-schaefer.com,19920613,34472903,True
Brown_cde99,Amanda,Brown,Amanda_Brown@williams.com,19541218,52400391,True
Gomez_010a6,Riley,Gomez,Riley_Gomez@hoffman.com,19810211,20838807,True
Price_e8f96,Shelby,Price,Shelby_Price@fuller.net,19860807,74350543,True
Harris_fc222,Scott,Harris,Scott_Harris@mullins.com,19901214,36307567,True
Franklin_f8d94,Bonnie,Franklin,Bonnie_Franklin@gillespie.com,19880714,22008807,True
Morris_73a97,Ashley,Morris,Ashley_Morris@marshall.net,20021001,13085855,True
Jensen_676e2,Jack,Jensen,Jack_Jensen@kent-williamson.net,19601229,93571087,True
Armstrong_f79a4,Daniel,Armstrong,Daniel_Armstrong@brown.com,19820714,18991247,True
Donovan_6c619,Susan,Donovan,Susan_Donovan@jordan-anderson.com,19690130,85222335,True
Powell_4f74d,Michael,Powell,Michael_Powell@mccall.com,19941127,63894311,True
Lowe_73be1,Alexander,Lowe,Alexander_Lowe@morris.com,19610508,93074023,True
Wilson_6845c,Aaron,Wilson,Aaron_Wilson@burke-benton.net,19870517,75053391,True
Lee_d3d5c,Samuel,Lee,Samuel_Lee@gardner-rodriguez.net,19740902,57636831,True
Weaver_feb81,Jennifer,Weaver,Jennifer_Weaver@patterson.com,19781015,74152151,True
Hamilton_f2276,Leonard,Hamilton,Leonard_Hamilton@brown.com,19880229,76082775,True
Phillips_608c9,Kathy,Phillips,Kathy_Phillips@floyd.com,19841216,57829247,True
Jimenez_5ed59,Jennifer,Jimenez,Jennifer_Jimenez@morgan.com,19921121,59592559,True
Lawson_6d37f,Victoria,Lawson,Victoria_Lawson@snyder.com,19540412,24045823,True
Martinez_bc0fc,Michael,Martinez,Michael_Martinez@hogan.net,19521107,40271975,True
Jones_f903f,Paul,Jones,Paul_Jones@clark-irwin.com,19940215,91301999,True
Tran_40aaa,Danielle,Tran,Danielle_Tran@mann.com,19880826,85246679,True
Freeman_35a3d,Jeff,Freeman,Jeff_Freeman@guzman.com,20030520,13590655,True
Jones_cdd9f,Marissa,Jones,Marissa_Jones@lewis.net,19580806,32094119,True
Roy_57ef7,Elijah,Roy,Elijah_Roy@jones-baldwin.com,19870705,57159015,True
Simpson_7383f,Courtney,Simpson,Courtney_Simpson@preston-cantrell.com,19731103,77314887,True
Hopkins_56d12,Kimberly,Hopkins,Kimberly_Hopkins@adams.com,19931022,67364511,True
King_4ae33,William,King,William_King@cline-allen.com,19841115,21561215,True
Robertson_e101e,Stephanie,Robertson,Stephanie_Robertson@owen-rodriguez.com,20020508,75259367,True
Hill_bd6cc,Rickey,Hill,Rickey_Hill@parker-cohen.com,19640430,56465207,True
Stewart_40f40,Erika,Stewart,Erika_Stewart@solis.com,19851226,83552695,True
Johnson_5dcd5,Christina,Johnson,Christina_Johnson@clark.com,20010622,30262983,True
Wells_5c2c0,Kelli,Wells,Kelli_Wells@jones.com,19540308,27406215,True
Archer_c6232,Nathan,Archer,Nathan_Archer@gray.com,19560723,72954367,True
Kline_6fe75,Michael,Kline,Michael_Kline@phelps-alvarez.com,19650623,20968343,True
Rodriguez_1eec6,Joshua,Rodriguez,Joshua_Rodriguez@thornton-benitez.com,19530317,27953967,True
Rodriguez_a7ea3,James,Rodriguez,James_Rodriguez@logan.com,19810717,50981423,True
Ortega_7f647,Robert,Ortega,Robert_Ortega@perez.com,19600316,57040695,True
Ruiz_e89df,Teresa,Ruiz,Teresa_Ruiz@holmes.com,19510904,22432447,True
Mejia_10b0a,Madison,Mejia,Madison_Mejia@sims.com,19530323,73824679,True
Bailey_6dd20,James,Bailey,James_Bailey@flynn.net,19860710,26146743,True
Perry_e8625,Mary,Perry,Mary_Perry@williams.net,19730808,57879711,True
Jones_85733,Crystal,Jones,Crystal_Jones@webb.com,19620914,39588047,True
Brown_9035e,Aaron,Brown,Aaron_Brown@yates.com,19860502,43815191,True
Barajas_c09f8,Tanya,Barajas,Tanya_Barajas@davis.com,19740430,92793871,True
Rasmussen_0fcc4,Samantha,Rasmussen,Samantha_Rasmussen@stokes-leon.com,19940621,26634223,True
Martin_92713,Vincent,Martin,Vincent_Martin@wright-lee.com,19840124,55457087,True
Crawford_a2a35,Tony,Crawford,Tony_Crawford@moore.com,19870818,15997263,True
Sullivan_7d828,Randy,Sullivan,Randy_Sullivan@perez.net,19611025,15665967,True
Thompson_5e06b,Kimberly,Thompson,Kimberly_Thompson@brewer-walters.net,20001112,88531623,True
Compton_395a9,Martin,Compton,Martin_Compton@morgan.com,19840602,42037887,True
Brown_8baf8,Tracy,Brown,Tracy_Brown@joyce.com,19720823,26044711,True
Preston_b78bc,Leslie,Preston,Leslie_Preston@johns.com,19721005,71892959,True
Parker_311d6,Jay,Parker,Jay_Parker@fowler.net,19930930,57583783,True
Williams_44d67,Lance,Williams,Lance_Williams@williams.net,19730807,19310567,True
Allen_b02ca,Kathleen,Allen,Kathleen_Allen@cook.com,19860113,38829559,True
Lamb_5dc6d,Marie,Lamb,Marie_Lamb@hampton.com,19790410,26841263,True
Flores_b1169,Nathan,Flores,Nathan_Flores@gibbs.net,19790904,86883135,True
Caldwell_aa013,Ashley,Caldwell,Ashley_Caldwell@mason-bryant.com,19880903,13420663,True
Martin_caab2,Renee,Martin,Renee_Martin@crawford-walker.com,19810421,55803823,True
Parker_0793e,Keith,Parker,Keith_Parker@moore.com,19640826,40120471,True
Levy_bef91,Melissa,Levy,Melissa_Levy@arroyo.com,19500330,51842935,True
Powell_fe4b6,Brandon,Powell,Brandon_Powell@craig-gonzales.net,19760606,43375815,True
Stone_1d9aa,Kimberly,Stone,Kimberly_Stone@murphy-bryant.com,19940512,25323999,True
Jones_575ba,Adam,Jones,Adam_Jones@ashley.com,19730316,55082935,True
Andersen_61066,Elizabeth,Andersen,Elizabeth_Andersen@baker.com,19740123,69096535,True
Lutz_6aa1c,Destiny,Lutz,Destiny_Lutz@thompson-wright.com,19941204,87853607,True
Allen_54dd1,Brandy,Allen,Brandy_Allen@hardy-griffin.com,19810113,92130799,True
Decker_0c2ca,Stephanie,Decker,Stephanie_Decker@barrett.net,19770905,92626639,True
Keller_86f7a,Michelle,Keller,Michelle_Keller@johnson.com,19510706,56139711,True
Yates_d9866,Stacey,Yates,Stacey_Yates@lewis.com,19920812,30115967,True
Lee_f9df7,Sue,Lee,Sue_Lee@rojas.com,19860829,97367575,True
Long_850ab,Anna,Long,Anna_Long@coleman.com,19740316,52566967,True
Watson_6dc0c,Annette,Watson,Annette_Watson@brown-brennan.com,19580423,67851175,True
Thomas_6cc50,James,Thomas,James_Thomas@torres.net,19520509,58718239,True
Olson_50aa7,Kelli,Olson,Kelli_Olson@campbell.net,19960723,50265023,True
Reid_1bdd4,Becky,Reid,Becky_Reid@vargas.net,19751027,37025287,True
Shaw_afe1c,Wesley,Shaw,Wesley_Shaw@henderson-gibson.com,19830121,76819471,True
Boyd_94bd7,Pamela,Boyd,Pamela_Boyd@freeman.com,19680628,25030751,True
Lewis_644d9,Jeremy,Lewis,Jeremy_Lewis@murray.com,19530107,44159519,True
Garza_be6d1,Jennifer,Garza,Jennifer_Garza@herrera-klein.com,19890603,31999455,True
Perry_b530f,Joseph,Perry,Joseph_Perry@tucker.com,19510616,16254071,True
Herman_0ab62,Heather,Herman,Heather_Herman@williams-lindsey.com,19710606,97877423,True
Lopez_ea347,Laura,Lopez,Laura_Lopez@rodriguez.com,19901221,72627367,True
Barnes_f462c,Reginald,Barnes,Reginald_Barnes@walker-robinson.com,19730214,19884399,True
Weaver_201e1,Robert,Weaver,Robert_Weaver@young-leonard.com,19820218,39131199,True
Martinez_204f4,Beth,Martinez,Beth_Martinez@johnson.com,19681225,87909191,True
Ware_0b5e6,Spencer,Ware,Spencer_Ware@montgomery-lane.com,19801009,74599951,True
Erickson_3df9d,Willie,Erickson,Willie_Erickson@bartlett.com,19910110,53673855,True
Nguyen_6a5e7,Daniel,Nguyen,Daniel_Nguyen@mccall.com,19590903,37673823,True
Martinez_7564a,Leonard,Martinez,Leonard_Martinez@mcbride.com,19560922,14452319,True
Stephens_5a6e3,Robert,Stephens,Robert_Stephens@lopez.com,20000619,92784815,True
Chen_7d3b1,Daniel,Chen,Daniel_Chen@little.com,19520716,46750383,True
Dalton_32ce4,Samuel,Dalton,Samuel_Dalton@marquez.com,19960916,75194711,True
Bennett_dcbc8,Heather,Bennett,Heather_Bennett@hamilton-blair.com,20020105,64795847,True
King_f3369,Joshua,King,Joshua_King@hale.net,20000601,99342223,True
Blake_e7660,Crystal,Blake,Crystal_Blake@parker.com,19701117,97878511,True
Evans_62a52,Amanda,Evans,Amanda_Evans@cox.com,19590224,92559519,True
Day_69b70,Sergio,Day,Sergio_Day@guzman-garrett.com,19510531,27091295,True
Boyd_9e514,Julie,Boyd,Julie_Boyd@white-george.com,19690906,47949079,True
Watkins_c9964,Logan,Watkins,Logan_Watkins@hernandez.com,20000511,87081215,True
Ortiz_8f14e,Steven,Ortiz,Steven_Ortiz@hamilton.com,19670506,15073183,True
Marquez_7aa36,Lisa,Marquez,Lisa_Marquez@day-smith.com,19710326,18443671,True
Martin_82381,Jennifer,Martin,Jennifer_Martin@moore.com,19830527,83212175,True
Chandler_4ab75,Arthur,Chandler,Arthur_Chandler@martin.com,19610210,18438007,True
Hudson_31f1d,Ronald,Hudson,Ronald_Hudson@carson.com,19510310,66192423,True
Lee_f2321,Jennifer,Lee,Jennifer_Lee@guerra-lopez.com,19500401,35305031,True
Yoder_70108,Gregory,Yoder,Gregory_Yoder@robinson-johnson.com,19530620,75705319,True
Harmon_69598,Carolyn,Harmon,Carolyn_Harmon@watts-horn.com,19980124,55977599,True
Harrell_7257b,Christopher,Harrell,Christopher_Harrell@lindsey.com,19700630,52999479,True
Johnson_a67f3,Kevin,Johnson,Kevin_Johnson@rogers.com,19930802,15154639,True
Harrison_087c8,Michael,Harrison,Michael_Harrison@franklin.com,19510819,29087871,True
Moore_c62aa,Terry,Moore,Terry_Moore@barker-ayers.com,19870615,19828167,True
Rogers_656af,James,Rogers,James_Rogers@green.net,19930704,65821255,True
Tran_b0eca,Kathleen,Tran,Kathleen_Tran@wilson.net,19740211,20044927,True
Conway_ae427,Jacqueline,Conway,Jacqueline_Conway@robinson-carson.com,19710617,91842383,True
Cole_92aa4,Maxwell,Cole,Maxwell_Cole@larson.com,19510203,41796463,True
Williamson_2b72a,Bethany,Williamson,Bethany_Williamson@flores.com,19540310,40227935,True
Wright_f1b73,Joseph,Wright,Joseph_Wright@powell.net,19570521,40768583,True
Bolton_06e0a,Heidi,Bolton,Heidi_Bolton@spencer.com,19560616,58079023,True
Lewis_e0082,Daniel,Lewis,Daniel_Lewis@robertson.com,19770205,48084439,True
Ramirez_63293,Dale,Ramirez,Dale_Ramirez@patton.com,19550323,59875791,True
Sharp_19bdd,Carol,Sharp,Carol_Sharp@garcia-lamb.com,19751203,18014567,True
Buck_542b9,Joseph,Buck,Joseph_Buck@jacobs.com,19520311,34270063,True
Anderson_542fb,Lynn,Anderson,Lynn_Anderson@williams-carter.com,19960113,75488911,True
Harris_526ca,Sarah,Harris,Sarah_Harris@thomas-sanchez.com,20010530,52442775,True
Owens_620f1,Victor,Owens,Victor_Owens@collins.com,19960815,53064383,True
Koch_43971,Kimberly,Koch,Kimberly_Koch@rodriguez.net,19870125,35893839,True
Obrien_00e34,Allison,Obrien,Allison_Obrien@bailey-sanders.com,19620423,81154631,True
Rogers_83dc9,John,Rogers,John_Rogers@oneill.com,19710509,21046575,True
Collins_120bd,Janet,Collins,Janet_Collins@farrell.com,19840721,89424095,True
Lawson_a0aec,Kristin,Lawson,Kristin_Lawson@salinas.com,19761101,36661711,True
Castaneda_7660a,James,Castaneda,James_Castaneda@miller-hart.com,19640126,64715807,True
Ortiz_66abd,Robert,Ortiz,Robert_Ortiz@saunders-hunter.com,19761108,80296223,True
Harper_709ac,Connie,Harper,Connie_Harper@lewis.com,19950627,21369119,True
Burns_f2b3a,Debbie,Burns,Debbie_Burns@salinas.com,19830806,95570935,True
Preston_b6298,Gabriel,Preston,Gabriel_Preston@black.com,19961120,88336263,True
Orozco_02d2b,Brandon,Orozco,Brandon_Orozco@greene.com,19870717,59988495,True
Nguyen_6f546,Kari,Nguyen,Kari_Nguyen@farley.com,19991119,47980591,True
Hill_2c87a,Brittany,Hill,Brittany_Hill@rogers-hoffman.com,19870605,90817791,True
Martinez_a7c33,Carrie,Martinez,Carrie_Martinez@hendrix.com,19740124,96107743,True
White_e9960,Linda,White,Linda_White@moore.com,19751015,84876711,True
Spencer_c21d7,Jake,Spencer,Jake_Spencer@murphy.com,20020509,53533879,True
Chan_f9d1e,Joseph,Chan,Joseph_Chan@hutchinson-gutierrez.com,19660922,19544079,True
Ali_a2746,Kathleen,Ali,Kathleen_Ali@horn-rogers.com,19960602,45338687,True
Stephens_baaae,Danielle,Stephens,Danielle_Stephens@miller.net,19610929,16838823,True
Schaefer_ff120,Brianna,Schaefer,Brianna_Schaefer@nelson-mcmahon.com,19760312,34700887,True
Morris_d143a,Angela,Morris,Angela_Morris@murray.com,19760207,89409391,True
Smith_69b70,Jessica,Smith,Jessica_Smith@walsh-steele.com,19510531,97984639,True
Long_f0fca,Brenda,Long,Brenda_Long@carter.net,19510914,45992583,True
Taylor_7a3e1,Megan,Taylor,Megan_Taylor@montgomery.com,19931005,12610975,True
Morales_3cabc,Kelly,Morales,Kelly_Morales@sanchez.com,19800227,44799815,True
Johnson_5c594,Sheri,Johnson,Sheri_Johnson@lucas.com,19880422,34118127,True
Pacheco_7ccf5,Lori,Pacheco,Lori_Pacheco@ayala.com,19620630,94662495,True
Schmidt_be25c,Sandra,Schmidt,Sandra_Schmidt@herrera.com,19590711,50638143,True
Hill_bc827,Rachel,Hill,Rachel_Hill@gutierrez.com,19540212,55824367,True
Case_1fe51,Emily,Case,Emily_Case@lewis.com,19850508,90216215,True
Alvarez_f00bd,Seth,Alvarez,Seth_Alvarez@conrad.com,19800801,90929927,True
Reyes_0a636,Jose,Reyes,Jose_Reyes@garcia.com,19700929,94563263,True
Le_44e84,Zachary,Le,Zachary_Le@whitaker.com,19851028,56441999,True
Anthony_91ec3,Rhonda,Anthony,Rhonda_Anthony@lawson.com,19740915,12850551,True
Hill_0d4d9,Joseph,Hill,Joseph_Hill@rodriguez-newton.com,20020923,89902687,True
Davis_dbcb2,Erin,Davis,Erin_Davis@sanchez.net,19600917,22992863,True
Brown_1ebf8,Lucas,Brown,Lucas_Brown@miller.com,19891101,34675679,True
Garcia_72e9b,William,Garcia,William_Garcia@powell.com,19850912,25729991,True
Swanson_b3ea5,Lauren,Swanson,Lauren_Swanson@pena-pierce.com,19610921,85204407,True
Frank_4dfb9,John,Frank,John_Frank@martin.com,19500519,42691023,True
Schmidt_54bf2,Nicole,Schmidt,Nicole_Schmidt@stephens.com,19651109,86157423,True
Gray_15cd6,Nathan,Gray,Nathan_Gray@scott-gonzalez.com,19960618,48983767,True
Delgado_f68ba,Nichole,Delgado,Nichole_Delgado@dixon-cruz.com,19720305,60338223,True
Rodriguez_3a35b,Marcus,Rodriguez,Marcus_Rodriguez@jones.com,19690511,23424599,True
Solomon_23bae,Samuel,Solomon,Samuel_Solomon@wolf.net,19871230,26166751,True
Miller_5c2c0,Katrina,Miller,Katrina_Miller@grimes.com,19540308,81240247,True
Conner_71970,Raymond,Conner,Raymond_Conner@oneal-johnson.com,19970128,95736583,True
Fuller_9068b,Lori,Fuller,Lori_Fuller@gordon.com,19680101,54288255,True
Wilson_da57e,Corey,Wilson,Corey_Wilson@hoover-hernandez.com,19531011,39467535,True
James_e7a3a,Holly,James,Holly_James@macdonald.com,19641104,62732175,True
Mccarty_a4b9d,Alicia,Mccarty,Alicia_Mccarty@beasley.com,19820916,57669519,True
Christian_90eb3,Zoe,Christian,Zoe_Christian@grant.com,19990319,22170983,True
Watson_61db6,Nicholas,Watson,Nicholas_Watson@williams.com,19620403,72181751,True
Wood_67f27,Victoria,Wood,Victoria_Wood@proctor-baker.com,19910622,13955959,True
Knight_10192,Jillian,Knight,Jillian_Knight@davenport.com,19881108,20417711,True
Fisher_27703,Ryan,Fisher,Ryan_Fisher@fletcher.com,19871030,63505855,True
Howe_80a05,Stephanie,Howe,Stephanie_Howe@allen.com,19630509,37283343,True
Kim_c0e4a,Kenneth,Kim,Kenneth_Kim@duran.com,19990505,37818767,True
Macias_a4116,Andrew,Macias,Andrew_Macias@douglas.com,19661013,28232535,True
Huffman_fb25a,Elizabeth,Huffman,Elizabeth_Huffman@zamora.com,19580918,15486151,True
Stone_9ab9f,Christina,Stone,Christina_Stone@medina.com,19930320,34449775,True
Merritt_696fd,Alexander,Merritt,Alexander_Merritt@butler.net,19800913,33574735,True
Sanders_e9c2f,Kelly,Sanders,Kelly_Sanders@coleman.com,19520413,29703695,True
Jones_fae51,Matthew,Jones,Matthew_Jones@arnold.com,20000615,98616991,True
David_39e9f,Sarah,David,Sarah_David@collier.net,19981216,97218247,True
Barajas_62836,Carmen,Barajas,Carmen_Barajas@smith.com,19810526,34685455,True
Johnson_5dcba,Angela,Johnson,Angela_Johnson@stewart.com,19840827,62439103,True
Sparks_a67f3,Melissa,Sparks,Melissa_Sparks@sanchez-stevenson.com,19930802,27530863,True
Hill_e971e,Katherine,Hill,Katherine_Hill@tran.com,19830918,37709951,True
Hart_3b264,Kristin,Hart,Kristin_Hart@ortega.com,19661217,36255543,True
Ho_73551,Jacqueline,Ho,Jacqueline_Ho@henry.com,19610131,75359367,True
Knight_d46f2,Michael,Knight,Michael_Knight@davidson.com,19870804,71412263,True
Arroyo_44022,Heather,Arroyo,Heather_Arroyo@martinez.com,19790709,36165719,True
Larson_06714,Lori,Larson,Lori_Larson@flowers.com,19630807,38397103,True
Vazquez_73e4f,David,Vazquez,David_Vazquez@davila-beck.com,19901206,57160871,True
Hicks_5e5f2,Sherry,Hicks,Sherry_Hicks@stout-nicholson.com,19611127,12514111,True
Davila_1977b,Sarah,Davila,Sarah_Davila@nash.com,19790906,46685303,True
Oneill_7278c,Karen,Oneill,Karen_Oneill@gomez.com,19921004,72265879,True
Mills_f511a,Nicholas,Mills,Nicholas_Mills@williams.com,19631001,68844231,True
Montgomery_1a334,Jennifer,Montgomery,Jennifer_Montgomery@estrada-cole.com,19710715,53834071,True
Bailey_13beb,Cynthia,Bailey,Cynthia_Bailey@oneill.com,19790825,48942719,True
Wright_fefcf,John,Wright,John_Wright@harris.com,19831019,96650335,True
Brown_565a7,Sheila,Brown,Sheila_Brown@stevens-edwards.com,19821128,32490999,True
Moore_a6529,Lisa,Moore,Lisa_Moore@ramos.com,19941119,99493567,True
Newman_15a27,Julian,Newman,Julian_Newman@haynes.com,19580313,49873159,True
Ferguson_fb458,Thomas,Ferguson,Thomas_Ferguson@guzman.com,19591213,28787319,True
Rodriguez_a9b99,Lauren,Rodriguez,Lauren_Rodriguez@soto.com,19931016,27106623,True
Anderson_76323,Richard,Anderson,Richard_Anderson@white.com,19580706,66751511,True
Lee_7f12f,Jessica,Lee,Jessica_Lee@brown-baxter.com,19670124,89410823,True
Allen_7a4f2,Martin,Allen,Martin_Allen@steele.com,20020924,99969439,True
Mitchell_06d3f,Angela,Mitchell,Angela_Mitchell@moreno-evans.com,19690105,50190223,True
Sanchez_9f266,Derrick,Sanchez,Derrick_Sanchez@mitchell.com,19700424,97980535,True
Ellis_b9ff0,Christine,Ellis,Christine_Ellis@blackwell.com,19980617,69393823,True
Salinas_4cb46,Alyssa,Salinas,Alyssa_Salinas@robbins.com,19981007,41363847,True
Walsh_8cd29,Kevin,Walsh,Kevin_Walsh@hamilton.net,19920805,63251375,True
Knox_d64ed,Kenneth,Knox,Kenneth_Knox@zamora.com,19990626,47904991,True
Mitchell_1bdd4,Steve,Mitchell,Steve_Mitchell@adkins-russell.com,19751027,98789479,True
Hendricks_a352c,Craig,Hendricks,Craig_Hendricks@garcia-higgins.com,19951018,51721063,True
Kerr_a02d8,Ricky,Kerr,Ricky_Kerr@gonzalez-martinez.com,19510625,43238807,True
Aguilar_d3661,Gloria,Aguilar,Gloria_Aguilar@dorsey-donaldson.com,19690606,69773231,True
Knight_7e064,Alexander,Knight,Alexander_Knight@doyle.com,19740812,41639975,True
Cross_36c08,Joseph,Cross,Joseph_Cross@mason-shaw.net,19530126,35750023,True
Myers_1466d,Joel,Myers,Joel_Myers@smith-willis.net,19720920,49665991,True
Mckee_92c0e,Michael,Mckee,Michael_Mckee@gordon.com,20000917,87409327,True
Park_a639e,Roy,Park,Roy_Park@rodriguez-west.com,19551029,69451423,True
Castro_49d90,Jonathan,Castro,Jonathan_Castro@sandoval.com,19700409,95059239,True
Carroll_78391,Richard,Carroll,Richard_Carroll@massey-gardner.com,19610526,61422551,True
Fletcher_e6fff,Michelle,Fletcher,Michelle_Fletcher@anderson.com,19831024,15665159,True
Murphy_ecd95,Carol,Murphy,Carol_Murphy@lowe.com,19640317,54241135,True
Russell_203e4,Michael,Russell,Michael_Russell@orozco.com,19680308,24280095,True
Andrews_776f9,Shawna,Andrews,Shawna_Andrews@freeman.com,19981115,12022295,True
Hernandez_3d7b1,Dana,Hernandez,Dana_Hernandez@jackson.com,19940126,50236391,True
Harris_e20bd,Lauren,Harris,Lauren_Harris@long.com,19780811,42605007,True
Morales_867f3,Sean,Morales,Sean_Morales@molina.com,20030920,50605207,True
Mendoza_fa60d,John,Mendoza,John_Mendoza@mahoney.com,19850519,85845135,True
Mcdaniel_4de3f,Sierra,Mcdaniel,Sierra_Mcdaniel@mata.com,20030713,77274903,True
Smith_85c0b,Wendy,Smith,Wendy_Smith@smith-webb.com,19700128,60349279,True
Diaz_0bd1d,Leslie,Diaz,Leslie_Diaz@thomas-shelton.com,19570430,57506727,True
Snyder_d3f05,Grant,Snyder,Grant_Snyder@gonzales.com,19731031,23872143,True
Jenkins_27fe6,Brandi,Jenkins,Brandi_Jenkins@miller.com,19651228,79308567,True
Haynes_18bc2,Amy,Haynes,Amy_Haynes@levy.com,19600314,41563455,True
Roberts_d606a,John,Roberts,John_Roberts@hendricks.com,19540315,16513279,True
Nelson_fde1d,Carrie,Nelson,Carrie_Nelson@archer-murphy.com,19510609,49242255,True
Hood_bb6b9,Jacob,Hood,Jacob_Hood@evans.com,19560208,24204143,True
Charles_02485,Tracy,Charles,Tracy_Charles@rowe.com,19931108,62200511,True
Johnson_56e3d,Brandon,Johnson,Brandon_Johnson@ramirez.com,19850310,60862935,True
Nelson_f7fc3,Wendy,Nelson,Wendy_Nelson@day.com,19650108,59119063,True
Ramsey_843ef,Jasmine,Ramsey,Jasmine_Ramsey@jackson.com,19500407,16447279,True
Beltran_b42ac,William,Beltran,William_Beltran@bean.com,19850313,16495975,True
Stuart_08df4,Gerald,Stuart,Gerald_Stuart@strong.net,19951008,98421991,True
Vaughan_40056,Jacob,Vaughan,Jacob_Vaughan@martinez.com,19830908,69615007,True
Fuentes_0598c,Matthew,Fuentes,Matthew_Fuentes@miranda.com,19660329,33411447,True
Carpenter_4acee,April,Carpenter,April_Carpenter@page.com,19710929,97274415,True
Garcia_d383b,Rachel,Garcia,Rachel_Garcia@neal.com,19961021,87786127,True
Madden_d8100,Patrick,Madden,Patrick_Madden@sanders.com,19941101,35389647,True
Myers_96365,Angela,Myers,Angela_Myers@rodriguez.com,19740126,59457063,True
Baker_726e6,Wayne,Baker,Wayne_Baker@brown.com,19671227,92067207,True
Cox_c2d50,Haley,Cox,Haley_Cox@lewis.com,19641001,27911351,True
Sanders_65a5d,Dan,Sanders,Dan_Sanders@klein-hernandez.com,19500813,30043759,True
Fisher_cd40a,Thomas,Fisher,Thomas_Fisher@phillips.com,19850415,99090999,True
Lopez_d2a7d,Taylor,Lopez,Taylor_Lopez@jones-salazar.com,19570522,17889439,True
Macias_b438f,Jeffrey,Macias,Jeffrey_Macias@cox.com,19901003,98485783,True
Drake_a32f0,Brian,Drake,Brian_Drake@hurst-price.net,19620211,83466007,True
Jordan_26d57,Timothy,Jordan,Timothy_Jordan@young.com,19991228,77411263,True
Leblanc_25e89,Kathy,Leblanc,Kathy_Leblanc@warren-gray.com,19810227,69067343,True
Floyd_ee7c0,William,Floyd,William_Floyd@duran.com,19720713,27758191,True
Hayden_44dbe,Angela,Hayden,Angela_Hayden@barry.net,19960623,28574351,True
Hodges_c3205,Renee,Hodges,Renee_Hodges@hamilton.com,19871228,63899519,True
Miller_b1a7b,Samantha,Miller,Samantha_Miller@mcmahon.com,19650406,41451647,True
Orozco_32e5d,Lauren,Orozco,Lauren_Orozco@sanchez.com,20000126,71540231,True
Owen_1c1c8,April,Owen,April_Owen@sanchez.com,19670923,16552967,True
Russell_eeae9,Evan,Russell,Evan_Russell@ferguson.net,19590120,75209343,True
Castaneda_1e9a5,Brent,Castaneda,Brent_Castaneda@garcia.com,19580307,80875871,True
Peters_62c2d,Gregory,Peters,Gregory_Peters@ray.net,19900902,78256247,True
Salazar_8a391,Matthew,Salazar,Matthew_Salazar@jones-jones.com,19991211,50895327,True
Martinez_fa7cb,Natasha,Martinez,Natasha_Martinez@west.com,19680418,55194439,True
Powell_89e26,Charles,Powell,Charles_Powell@knight.com,19970906,47215879,True
Powell_c3379,Brian,Powell,Brian_Powell@hernandez.com,19591115,67153775,True
Sandoval_6592d,Laura,Sandoval,Laura_Sandoval@brown.com,19860913,17475623,True
Gonzalez_bc4a4,Charles,Gonzalez,Charles_Gonzalez@navarro.com,19710404,94465511,True
Caldwell_92d76,Nicholas,Caldwell,Nicholas_Caldwell@hurley-bass.com,19770714,42525999,True
Wyatt_ac546,Brian,Wyatt,Brian_Wyatt@wright-young.com,19581211,63631399,True
Garcia_a540e,Ryan,Garcia,Ryan_Garcia@vazquez-wells.com,19930815,26856535,True
Anderson_a86c0,Megan,Anderson,Megan_Anderson@wilson-murillo.com,19700729,21736903,True
Hughes_5403f,Pamela,Hughes,Pamela_Hughes@charles-costa.com,19870613,40181295,True
Scott_af31d,Tiffany,Scott,Tiffany_Scott@davis.com,19861110,76272207,True
Conway_b17c3,Stanley,Conway,Stanley_Conway@adams.com,19850905,71853567,True
Petty_89b4f,Yolanda,Petty,Yolanda_Petty@dunlap-brown.com,19910125,69674519,True
Jones_7290c,Tara,Jones,Tara_Jones@blankenship.net,19850303,49275455,True
Williams_c20d3,George,Williams,George_Williams@patton.com,19810319,69991287,True
Allen_8c000,Lori,Allen,Lori_Allen@valdez-phillips.com,20020916,28175727,True
Kelly_0c61d,Charles,Kelly,Charles_Kelly@dalton.com,19690401,62777351,True
Villa_19bdd,Jonathan,Villa,Jonathan_Villa@suarez.com,19751203,80471287,True
Jackson_40b1b,Cindy,Jackson,Cindy_Jackson@garcia-burch.com,19670727,60954247,True
Williams_09feb,Scott,Williams,Scott_Williams@keller-wong.com,19800803,85799255,True
Hernandez_04544,Dylan,Hernandez,Dylan_Hernandez@singleton-johnson.com,19950301,31405951,True
Garcia_6967c,Michelle,Garcia,Michelle_Garcia@lynch.com,19801017,52895823,True
Bailey_255ab,Matthew,Bailey,Matthew_Bailey@benjamin.com,19870728,39436023,True
Flynn_066c3,Curtis,Flynn,Curtis_Flynn@cook-drake.com,19780926,58787463,True
Perez_7a5c3,Thomas,Perez,Thomas_Perez@greene-lopez.com,19630220,96377439,True
Kline_e724e,Sheri,Kline,Sheri_Kline@hinton.com,19940609,33546343,True
Baker_4cd37,Jeff,Baker,Jeff_Baker@bentley.com,19670424,57871767,True
Thomas_2a3b9,Shannon,Thomas,Shannon_Thomas@dawson-alexander.com,19680903,18892279,True
Murray_8d3f7,Jeffrey,Murray,Jeffrey_Murray@jones.net,19821221,27473887,True
Wagner_83f4e,Kristin,Wagner,Kristin_Wagner@clayton.com,19970129,66045343,True
Shea_abeb3,Nicole,Shea,Nicole_Shea@mcclure.com,19560102,28795599,True
